name,sexe,datenaissance,dateembauche,categorie,service,metier,emploi,contrat,dureedutravail,horaires,coef,promotion,heuresformation,nombredemaladiesprofessionnelles,nombreaccidentsdutravail
John Doe,M,1986-01-01,2016-01-01,6_CADRE-2.3,PDIS,PDOC Development,Individual contributor,Regular,,385H,150,,,,
Jeannette Doe,F,1974-01-01,2019-01-01,7_CADRE-3.1,Sales - Enterprise,PDOC Sales Admin,Individual contributor,Temporary employee,,NA,170,,,,
John Doe,M,1985-01-01,2016-01-01,7_CADRE-3.1,Human Resources,PDOC Talent,Individual contributor,Regular,,J218,170,,,,
John Doe,M,1992-01-01,2018-01-01,6_CADRE-2.3,Services,PDOC Setup,Individual contributor,Regular,,385H,150,,,,
John Doe,M,1995-01-01,2018-01-01,4_CADRE-2.1,PDIS,PDOC Products,Individual contributor,Regular,,385H,115,,,,
John Doe,M,1986-01-01,2018-01-01,5_CADRE-2.2,Services,PDOC Setup,Individual contributor,Regular,,385H,130,,,,
John Doe,M,1997-01-01,2018-01-01,,Marketing,PDOC Marketing,Individual contributor,Intern,,,,,,,
Jeannette Doe,F,1986-01-01,2016-01-01,5_CADRE-2.2,Marketing,PDOC Marketing,PDOC Marketing,Regular,,385H,130,,,,
Jeannette Doe,F,1987-01-01,2016-01-01,7_CADRE-3.1,Services,PDOC Setup,PDOC Setup,Regular,,J218,170,,,,
John Doe,M,1971-01-01,2017-01-01,7_CADRE-3.1,Accounting,PDOC Finance,PDOC Finance,Regular,,J218,170,,,,
John Doe,M,1990-01-01,2018-01-01,5_CADRE-2.2,Services,PDOC Setup,PDOC Setup,Regular,,35H,130,,,,
Jeannette Doe,F,1964-01-01,2019-01-01,7_CADRE-3.1,Sales - Enterprise,PDOC Sales,PDOC Sales,Regular,,J218,170,,,,
Jeannette Doe,F,1987-01-01,2019-01-01,6_CADRE-2.3,Services,PDOC CSM,PDOC CSM,Regular,,385H,150,,,,
Jeannette Doe,F,1984-01-01,2019-01-01,7_CADRE-3.1,Accounting,PDOC Finance,PDOC Finance,Regular,,J218,170,,,,
Jeannette Doe,F,1977-01-01,2016-01-01,6_CADRE-2.3,PDIS,PDOC Development,Individual contributor,Regular,,385H,150,,,,
John Doe,M,1990-01-01,2016-01-01,3_CADRE-1.2,Services,PDOC Setup,Individual contributor,Regular,,385H,100,,,,
Jeannette Doe,F,1971-01-01,2016-01-01,7_CADRE-3.1,Marketing,PDOC Marketing,Individual contributor,Regular,,J218,170,,,,
John Doe,M,1989-01-01,2016-01-01,5_CADRE-2.2,PDIS,PDOC Development,Individual contributor,Regular,,385H,130,,,,
John Doe,M,1992-01-01,2016-01-01,4_CADRE-2.1,Services,PDOC Integration,Individual contributor,Regular,,35H,105,,,,
John Doe,M,1985-01-01,2016-01-01,6_CADRE-2.3,PDIS,PDOC Development,Individual contributor,Regular,,385H,150,,,,
John Doe,M,1987-01-01,2016-01-01,6_CADRE-2.3,PDIS,PDOC Development,Individual contributor,Regular,,385H,150,,,,
John Doe,M,1987-01-01,2016-01-01,4_CADRE-2.1,PDIS,PDOC Products,Individual contributor,Regular,,385H,115,,,,
John Doe,M,1989-01-01,2016-01-01,5_CADRE-2.2,Services,PDOC Setup,Individual contributor,Regular,,385H,130,,,,
John Doe,M,1989-01-01,2016-01-01,5_CADRE-2.2,PDIS,PDOC Development,Individual contributor,Regular,,385H,130,,,,
John Doe,M,1989-01-01,2016-01-01,7_CADRE-3.1,PDIS,PDOC Products,Individual contributor,Regular,,J218,170,,,,
John Doe,M,1988-01-01,2019-01-01,7_CADRE-3.1,Sales - Enterprise,PDOC Sales Admin,Individual contributor,Regular,,J218,170,,,,
John Doe,M,1983-01-01,2016-01-01,6_CADRE-2.3,PDIS,PDOC Development,Individual contributor,Regular,,385H,150,,,,
John Doe,M,1982-01-01,2017-01-01,5_CADRE-2.2,PDIS,PDOC Development,Individual contributor,Regular,,385H,130,,,,
John Doe,M,1976-01-01,2016-01-01,5_CADRE-2.2,Human Resources,PDOC Learning,Individual contributor,Regular,,385H,130,,,,
John Doe,M,1987-01-01,2017-01-01,7_CADRE-3.1,PDIS,PDOC Products,Individual contributor,Regular,,J218,170,,,,
John Doe,M,1985-01-01,2017-01-01,6_CADRE-2.3,PDIS,PDOC Development,Individual contributor,Regular,,385H,150,,,,
Jeannette Doe,F,1991-01-01,2017-01-01,7_CADRE-3.1,Legal,PDOC Legal,Individual contributor,Regular,,J218,170,,,,
Jeannette Doe,F,1989-01-01,2017-01-01,7_CADRE-3.1,PDIS,PDOC Products,Individual contributor,Regular,,J218,170,,,,
John Doe,M,1983-01-01,2017-01-01,6_CADRE-2.3,PDIS,PDOC Development,Individual contributor,Regular,,385H,150,,,,
John Doe,M,1992-01-01,2017-01-01,4_CADRE-2.1,Marketing,PDOC Inside Sales,Individual contributor,Regular,,35H,115,,,,
John Doe,M,1983-01-01,2017-01-01,7_CADRE-3.1,PDIS,PDOC Development,Individual contributor,Regular,,J218,170,,,,
John Doe,M,1991-01-01,2017-01-01,3_CADRE-1.2,PDIS,PDOC Development,Individual contributor,Regular,,385H,100,,,,
John Doe,M,1997-01-01,2018-01-01,,PDIS,PDOC ITG,Individual contributor,Intern,,35H,,,,,
John Doe,M,1979-01-01,2017-01-01,5_CADRE-2.2,Services,PDOC Setup,Individual contributor,Regular,,35H,130,,,,
Jeannette Doe,F,1990-01-01,2017-01-01,2_ETAM-3.2,Services,PDOC Customer Care,Individual contributor,Regular,,35H,450,,,,
John Doe,M,1989-01-01,2017-01-01,1_ETAM-3.1,Services,PDOC Customer Care,Individual contributor,Regular,,35H,400,,,,
John Doe,M,1981-01-01,2017-01-01,4_CADRE-2.1,Services,PDOC Customer Care,Individual contributor,Regular,,385H,115,,,,
John Doe,M,1982-01-01,2017-01-01,7_CADRE-3.1,PDIS,PDOC Development,Individual contributor,Regular,,J218,170,,,,
John Doe,M,1985-01-01,2017-01-01,6_CADRE-2.3,PDIS,PDOC Development,Individual contributor,Regular,,385H,150,,,,
John Doe,M,1992-01-01,2017-01-01,5_CADRE-2.2,PDIS,PDOC Development,Individual contributor,Regular,,385H,130,,,,
Jeannette Doe,F,1988-01-01,2017-01-01,4_CADRE-2.1,PDIS,PDOC Products,Individual contributor,Regular,,385H,115,,,,
John Doe,M,1976-01-01,2017-01-01,5_CADRE-2.2,PDIS,PDOC Development,Individual contributor,Regular,,385H,130,,,,
Jeannette Doe,F,1986-01-01,2017-01-01,6_CADRE-2.3,PDIS,PDOC Development,Individual contributor,Regular,,385H,150,,,,
John Doe,M,1985-01-01,2017-01-01,5_CADRE-2.2,PDIS,PDOC Development,Individual contributor,Regular,,385H,130,,,,
Jeannette Doe,F,1993-01-01,2017-01-01,2_ETAM-3.2,Services,PDOC Learning,Individual contributor,Regular,,35H,450,,,,
John Doe,M,1992-01-01,2017-01-01,4_CADRE-2.1,PDIS,PDOC Products,Individual contributor,Regular,,385H,115,,,,
John Doe,M,1984-01-01,2017-01-01,5_CADRE-2.2,PDIS,PDOC Development,Individual contributor,Regular,,385H,130,,,,
John Doe,M,1987-01-01,2019-01-01,5_CADRE-2.2,PDIS,PDOC Development,Individual contributor,Regular,,385H,130,,,,
John Doe,M,1994-01-01,2017-01-01,,PDIS,PDOC Development,Individual contributor,Temporary employee,,NA,,,,,
Jeannette Doe,F,1985-01-01,2018-01-01,6_CADRE-2.3,PDIS,PDOC Development,Individual contributor,Regular,,385H,150,,,,
John Doe,M,1962-01-01,2017-01-01,6_CADRE-2.3,PDIS,PDOC Development,Individual contributor,Regular,,385H,150,,,,
John Doe,M,1988-01-01,2017-01-01,5_CADRE-2.2,Services,PDOC Integration,Individual contributor,Regular,,385H,130,,,,
Jeannette Doe,F,1994-01-01,2019-01-01,2_ETAM-3.2,Marketing,PDOC Marketing,Individual contributor,Regular,,35H,450,,,,
Jeannette Doe,F,1991-01-01,2017-01-01,6_CADRE-2.3,Human Resources,PDOC Talent,Individual contributor,Regular,,385H,150,,,,
John Doe,M,1985-01-01,2018-01-01,7_CADRE-3.1,PDIS,PDOC Development,Individual contributor,Regular,,J218,170,,,,
Jeannette Doe,F,1991-01-01,2017-01-01,6_CADRE-2.3,PDIS,PDOC Development,Individual contributor,Regular,,385H,150,,,,
Jeannette Doe,F,1994-01-01,2018-01-01,3_CADRE-1.2,Services,PDOC Setup,Individual contributor,Regular,,385H,100,,,,
John Doe,M,1993-01-01,2017-01-01,2_ETAM-3.2,Marketing,PDOC Marketing,Individual contributor,Intern,,35H,450,,,,
Jeannette Doe,F,1989-01-01,2017-01-01,6_CADRE-2.3,PDIS,PDOC Development,Individual contributor,Regular,,385H,150,,,,
Jeannette Doe,F,1993-01-01,2017-01-01,2_ETAM-3.2,Accounting,PDOC Finance,Individual contributor,Regular,,35H,450,,,,
John Doe,M,1991-01-01,2018-01-01,6_CADRE-2.3,PDIS,PDOC Development,Individual contributor,Regular,,385H,150,,,,
John Doe,M,1986-01-01,2017-01-01,4_CADRE-2.1,Services,PDOC CSM,Individual contributor,Regular,,385H,115,,,,
Jeannette Doe,F,1997-01-01,2018-01-01,,Marketing,PDOC Marketing,Individual contributor,Intern,,,,,,,
John Doe,M,1988-01-01,2018-01-01,2_ETAM-3.2,Services,PDOC Customer Care,Individual contributor,Regular,,35H,450,,,,
John Doe,M,1991-01-01,2018-01-01,5_CADRE-2.2,PDIS,PDOC Development,Individual contributor,Regular,,385H,130,,,,
Jeannette Doe,F,1991-01-01,2018-01-01,5_CADRE-2.2,Services,PDOC CSM,Individual contributor,Regular,,385H,130,,,,
John Doe,M,1984-01-01,2019-01-01,7_CADRE-3.1,PDIS,PDOC Development,Individual contributor,Regular,,J218,170,,,,
Jeannette Doe,F,1974-01-01,2018-01-01,7_CADRE-3.1,PDIS,PDOC Development,Individual contributor,Regular,,J218,170,,,,
Jeannette Doe,F,1989-01-01,2018-01-01,5_CADRE-2.2,Accounting,PDOC Finance,Individual contributor,Regular,,385H,130,,,,
John Doe,M,1978-01-01,2019-01-01,6_CADRE-2.3,PDIS,PDOC Development,Individual contributor,Regular,,385H,150,,,,
Jeannette Doe,F,1986-01-01,2019-01-01,6_CADRE-2.3,PDIS,PDOC Development,Individual contributor,Regular,,385H,150,,,,
Jeannette Doe,F,1979-01-01,2018-01-01,7_CADRE-3.1,PDIS,PDOC Development,Individual contributor,Regular,,J218,170,,,,
John Doe,M,1993-01-01,2018-01-01,4_CADRE-2.1,PDIS,PDOC Products,Individual contributor,Regular,,385H,115,,,,
John Doe,M,1989-01-01,2019-01-01,5_CADRE-2.2,Human Resources,PDOC Talent,Individual contributor,Regular,,385H,130,,,,
John Doe,M,1988-01-01,2018-01-01,6_CADRE-2.3,PDIS,PDOC Development,Individual contributor,Regular,,385H,150,,,,
John Doe,M,1989-01-01,2018-01-01,5_CADRE-2.2,Services,PDOC Integration,Individual contributor,Regular,,385H,130,,,,
John Doe,M,1980-01-01,2019-01-01,6_CADRE-2.3,PDIS,PDOC Development,Individual contributor,Regular,,385H,150,,,,
Jeannette Doe,F,1981-01-01,2019-01-01,5_CADRE-2.2,Marketing,PDOC Marketing,Individual contributor,Regular,,385H,130,,,,
John Doe,M,1977-01-01,2019-01-01,6_CADRE-2.3,Human Resources,PDOC Learning,Individual contributor,Regular,,385H,150,,,,
John Doe,M,1971-01-01,2019-01-01,7_CADRE-3.1,Sales - Enterprise,PDOC Sales,Individual contributor,Regular,,J218,170,,,,
Jeannette Doe,F,1976-01-01,2019-01-01,5_CADRE-2.2,Accounting,PDOC Finance,Individual contributor,Regular,,385H,130,,,,
Jeannette Doe,F,1985-01-01,2019-01-01,2_ETAM-3.2,Accounting,PDOC Finance,Individual contributor,Regular,,35H,450,,,,
John Doe,M,1986-01-01,2019-01-01,6_CADRE-2.3,Human Resources,PDOC Human Resources,Individual contributor,Regular,,385H,150,,,,
John Doe,M,1995-01-01,2019-01-01,5_CADRE-2.2,PDIS,PDOC Development,Individual contributor,Regular,,385H,130,,,,
Jeannette Doe,F,1979-01-01,2019-01-01,7_CADRE-3.1,PDIS,PDOC Products,Individual contributor,Regular,,J218,170,,,,
John Doe,M,1996-01-01,2019-01-01,,Accounting,PDOC Finance,Individual contributor,Intern,,35H,,,,,
Jeannette Doe,F,1984-01-01,2019-01-01,5_CADRE-2.2,Marketing,PDOC Marketing,Individual contributor,Regular,,385H,130,,,,
Jeannette Doe,F,1992-01-01,2019-01-01,5_CADRE-2.2,Services,PDOC Setup,Individual contributor,Regular,,35H,130,,,,
Jeannette Doe,F,1997-01-01,2019-01-01,,Human Resources,PDOC Human Resources,Individual contributor,Intern,,35H,,,,,
John Doe,M,1983-01-01,2019-01-01,6_CADRE-2.3,PDIS,PDOC Development,Individual contributor,Regular,,385H,150,,,,
Jeannette Doe,F,1982-01-01,2019-01-01,7_CADRE-3.1,Human Resources,PDOC Human Resources,Individual contributor,Regular,,J218,170,,,,
John Doe,M,1987-01-01,2019-01-01,5_CADRE-2.2,PDIS,PDOC ITG,Individual contributor,Regular,,35H,130,,,,
John Doe,M,1984-01-01,2019-01-01,5_CADRE-2.2,Services,PDOC Setup,Individual contributor,Regular,,385H,130,,,,
John Doe,M,1977-01-01,2019-01-01,7_CADRE-3.1,Sales - Enterprise,PDOC Sales,Individual contributor,Regular,,J218,170,,,,
Jeannette Doe,F,1990-01-01,2019-01-01,,Legal,PDOC Legal,Individual contributor,Intern,,35H,,,,,
John Doe,M,1991-01-01,2019-01-01,5_CADRE-2.2,Services,PDOC CSM,Individual contributor,Regular,,385H,130,,,,
John Doe,M,1995-01-01,2019-01-01,5_CADRE-2.2,Services,PDOC Setup,Individual contributor,Regular,,35H,130,,,,
Jeannette Doe,F,1988-01-01,2019-01-01,7_CADRE-3.1,Marketing,PDOC Marketing,Individual contributor,Regular,,J218,170,,,,
Jeannette Doe,F,1971-01-01,2019-01-01,7_CADRE-3.1,Sales - Enterprise,PDOC Sales,Individual contributor,Regular,,J218,170,,,,
Jeannette Doe,F,1990-01-01,2019-01-01,5_CADRE-2.2,PDIS,PDOC CSM,Individual contributor,Regular,,385H,130,,,,
Jeannette Doe,F,1991-01-01,2019-01-01,6_CADRE-2.3,PDIS,PDOC Development,Individual contributor,Regular,,385H,150,,,,
Jeannette Doe,F,1980-01-01,2019-01-01,5_CADRE-2.2,Services,PDOC Integration,Individual contributor,Regular,,385H,130,,,,
John Doe,M,1987-01-01,2019-01-01,7_CADRE-3.1,PDIS,PDOC ITG,Individual contributor,Regular,,J218,170,,,,
John Doe,M,1995-01-01,2019-01-01,5_CADRE-2.2,Human Resources,PDOC Talent,Individual contributor,Regular,,385H,130,,,,
John Doe,M,1991-01-01,2019-01-01,6_CADRE-2.3,PDIS,PDOC Development,Individual contributor,Regular,,385H,150,,,,
John Doe,M,1982-01-01,2019-01-01,5_CADRE-2.2,Services,PDOC Integration,Individual contributor,Regular,,385H,130,,,,
Jeannette Doe,F,1985-01-01,2019-01-01,7_CADRE-3.1,Legal,PDOC Legal,Individual contributor,Regular,,J218,170,,,,
John Doe,M,1992-01-01,2019-01-01,2_ETAM-3.2,Services,PDOC Customer Care,Individual contributor,Regular,,35H,450,,,,
Jeannette Doe,F,1988-01-01,2019-01-01,2_ETAM-3.2,Services,PDOC Customer Care,Individual contributor,Regular,,35H,450,,,,
Jeannette Doe,F,2000-01-01,2019-01-01,,Human Resources,PDOC Human Resources,Individual contributor,Intern,,NA,,,,,
Jeannette Doe,F,1987-01-01,2019-01-01,6_CADRE-2.3,Human Resources,PDOC Talent,Individual contributor,Regular,,385H,150,,,,
Jeannette Doe,F,1993-01-01,2019-01-01,5_CADRE-2.2,Services,PDOC CSM,Individual contributor,Regular,,385H,130,,,,
John Doe,M,2000-01-01,2019-01-01,,Marketing,PDOC Marketing,Individual contributor,Intern,,35H,,,,,
Jeannette Doe,F,1993-01-01,2019-01-01,5_CADRE-2.2,Marketing,PDOC Marketing,Individual contributor,Regular,,35H,130,,,,
